Customer_ID,Customer_Name,Email,Phone,City,State,Customer_Type,Registeration_Date
C0001,Priya Verma,priya.verma@gmail.com,9558781873,surat,gujarat,VIP,2023-06-13 00:00:00
C0002,Neha Sharma,neha.sharma@gmail.com,8996668602,chennai,tamil nadu,Regular,2025-12-08 00:00:00
C0005,Vikas Singh,vikas.singh@gmail,7951445658,kolkata,west bengal,VIP,2024-07-05 00:00:00
C0006,Pooja Joshi,pooja.joshi@gmail.com,8545833869,lucknow,uttar pradesh,Premium,2023-01-29 00:00:00
C0009,Suresh Kaur,suresh.kaur@gmail,Not Available,mumbai,maharashtra,Regular,2024-02-28 00:00:00
C0010,Kavita Chauhan,kavita.chauhan@gmail.com,8258093032,hyderabad,telangana,VIP,2023-03-13 00:00:00
C0011,Neha Verma,unknown,7953487391,bengaluru,karnataka,Premium,2025-08-27 00:00:00
C0012,Simran Mehta,simran.mehta@gmail.com,8764635577,delhi,delhi,VIP,2023-03-09 00:00:00
C0014,Arjun Singh,arjun.singh@gmail.com,9665292162,indore,madhya pradesh,New,2023-11-30 00:00:00
C0015,Neha Yadav,neha.yadav@gmail.com,7749960739,bhopal,madhya pradesh,Regular,2024-04-05 00:00:00
C0016,Isha Gupta,isha.gupta@gmail.com,9207873733,ahmedabad,gujarat,Regular,2023-02-15 00:00:00
C0017,Rohan Desai,rohan.desai@gmail.com,9090366319,chennai,tamil nadu,VIP,2024-06-08 00:00:00
C0020,Mohit Kaur,mohit.kaur@gmail.com,7334417350,indore,madhya pradesh,VIP,2024-10-12 00:00:00
C0021,Suresh Gupta,suresh.gupta@gmail.com,9303892561,lucknow,uttar pradesh,VIP,2024-05-30 00:00:00
C0022,Rahul Kaur,rahul.kaur@gmail.com,9398868010,chennai,tamil nadu,VIP,2024-05-16 00:00:00
C0023,Aditya Gupta,aditya.gupta@gmail.com,7725783958,ahmedabad,gujarat,VIP,2023-12-16 00:00:00
C0024,Aditya Yadav,aditya.yadav@gmail.com,9459429548,jaipur,rajasthan,Regular,2025-07-23 00:00:00
C0025,Nikhil Mehta,unknown,8640724675,mumbai,maharashtra,VIP,2023-11-21 00:00:00
C0026,Simran Joshi,simran.joshi@gmail.com,9535385657,bhopal,madhya pradesh,Regular,2023-03-16 00:00:00
C0027,Amit Singh,amit.singh@gmail.com,9896089430,indore,madhya pradesh,VIP,2025-06-30 00:00:00
C0029,Aditya Sharma,aditya.sharma@gmail.com,7550606479,indore,madhya pradesh,Regular,2023-02-16 00:00:00
C0030,Rohan Joshi,rohan.joshi@gmail.com,9096471391,ahmedabad,gujarat,New,2024-06-12 00:00:00
C0031,Amit Joshi,amit.joshi@gmail.com,7484846239,pune,maharashtra,VIP,2024-01-28 00:00:00
C0032,Suresh Reddy,suresh.reddy@gmail.com,8942189222,bengaluru,karnataka,New,2025-10-01 00:00:00
C0035,Rahul Yadav,rahul.yadav@gmail.com,7394884830,surat,gujarat,New,2024-03-12 00:00:00
C0039,Meena Kaur,meena.kaur@gmail.com,9568713374,jaipur,rajasthan,Regular,2023-05-11 00:00:00
C0041,Vikas Patel,vikas.patel@gmail.com,9239279558,chennai,tamil nadu,VIP,2024-11-13 00:00:00
C0042,Rahul Singh,rahul.singh@gmail.com,7856247605,indore,madhya pradesh,Premium,2023-07-18 00:00:00
C0043,Neha Kaur,neha.kaur@gmail.com,Not Available,chennai,tamil nadu,VIP,2025-08-01 00:00:00
C0044,Pooja Desai,pooja.desai@gmail.com,7339428835,pune,maharashtra,Regular,2025-12-07 00:00:00
C0045,Amit Kaur,amit.kaur@gmail.com,7938711724,delhi,delhi,New,2023-12-30 00:00:00
C0047,Priya Kumar,priya.kumar@gmail.com,8430398942,lucknow,uttar pradesh,Premium,2024-04-20 00:00:00
C0048,Meena Joshi,meena.joshi@gmail.com,9625401719,indore,madhya pradesh,New,2023-01-09 00:00:00
C0049,Nikhil Mishra,nikhil.mishra@gmail.com,9845587379,kolkata,west bengal,Regular,2024-05-16 00:00:00
C0050,Rahul Shah,rahul.shah@gmail.com,7590521614,indore,madhya pradesh,Premium,2024-07-03 00:00:00
C0051,Amit Verma,amit.verma@gmail.com,8903155722,chennai,tamil nadu,New,2023-01-03 00:00:00
C0052,Neha Reddy,unknown,7750338556,indore,madhya pradesh,Regular,2024-02-29 00:00:00
C0053,Pooja Yadav,pooja.yadav@gmail.com,8341957809,pune,maharashtra,Regular,2023-08-26 00:00:00
C0056,Meena Yadav,meena.yadav@gmail.com,7634268193,indore,madhya pradesh,Premium,2025-01-26 00:00:00
C0057,Sneha Reddy,sneha.reddy@gmail.com,9434757387,vadodara,gujarat,Regular,2023-12-01 00:00:00
C0058,Riya Desai,riya.desai@gmail.com,8148717504,chennai,tamil nadu,VIP,2024-04-19 00:00:00
C0059,Anjali Reddy,anjali.reddy@gmail.com,8418435511,lucknow,uttar pradesh,Premium,2024-10-15 00:00:00
C0060,Suresh Kaur,suresh.kaur@gmail.com,8821239360,kolkata,west bengal,Regular,2025-09-04 00:00:00
C0062,Rohan Verma,rohan.verma@gmail.com,9510504153,delhi,delhi,VIP,2023-12-13 00:00:00
C0063,Nikhil Shah,nikhil.shah@gmail.com,9765414165,surat,gujarat,New,2025-06-20 00:00:00
C0064,Kavita Kaur,kavita.kaur@gmail.com,7558617715,jaipur,rajasthan,VIP,2023-10-14 00:00:00
C0068,Vikas Singh,vikas.singh@gmail.com,9980964394,hyderabad,telangana,Premium,2023-11-04 00:00:00
C0070,Meena Shah,meena.shah@gmail.com,7514909066,bhopal,madhya pradesh,Regular,2024-04-16 00:00:00
C0071,Suresh Kaur,suresh.kaur@gmail.com,7886823531,vadodara,gujarat,Premium,2023-07-22 00:00:00
C0072,Rohan Patel,rohan.patel@gmail.com,8831352713,rajkot,gujarat,Premium,2025-03-06 00:00:00
C0075,Amit Yadav,amit.yadav@gmail.com,8076303124,lucknow,uttar pradesh,VIP,2025-08-04 00:00:00
C0076,Pooja Joshi,pooja.joshi@gmail.com,8940955281,surat,gujarat,New,2024-03-24 00:00:00
C0077,Sneha Mehta,sneha.mehta@gmail.com,8034622484,pune,maharashtra,Regular,2025-11-24 00:00:00
C0081,Isha Reddy,isha.reddy@gmail.com,8643015259,hyderabad,telangana,Premium,2023-10-08 00:00:00
C0082,Kavita Mishra,kavita.mishra@gmail.com,8028910147,bengaluru,karnataka,Regular,2023-12-01 00:00:00
C0084,Amit Gupta,amit.gupta@gmail.com,Not Available,bhopal,madhya pradesh,New,2024-08-21 00:00:00
C0085,Aditya Sharma,aditya.sharma@gmail.com,7947167036,mumbai,maharashtra,Premium,2025-05-21 00:00:00
C0086,Arjun Mishra,arjun.mishra@gmail.com,8826835815,kolkata,west bengal,VIP,2025-11-04 00:00:00
C0087,Aditya Patel,aditya.patel@gmail.com,9170795726,vadodara,gujarat,Regular,2025-03-26 00:00:00
C0088,Priya Kaur,priya.kaur@gmail.com,7143209999,delhi,delhi,New,2025-10-23 00:00:00
C0089,Suresh Mishra,suresh.mishra@gmail.com,7409675904,vadodara,gujarat,New,2025-10-20 00:00:00
C0091,Meena Joshi,meena.joshi@gmail.com,9708676312,kolkata,west bengal,Regular,2024-07-16 00:00:00
C0093,Suresh Gupta,suresh.gupta@gmail.com,8963790638,rajkot,gujarat,New,2025-02-22 00:00:00
C0094,Karan Mishra,karan.mishra@gmail.com,9746601166,hyderabad,telangana,New,2024-09-06 00:00:00
C0095,Kavita Reddy,kavita.reddy@gmail.com,8188332531,surat,gujarat,Regular,2025-04-16 00:00:00
C0096,Mohit Patel,mohit.patel@gmail.com,8956719117,mumbai,maharashtra,Regular,2025-06-06 00:00:00
C0098,Amit Kaur,amit.kaur@gmail.com,9032317504,bengaluru,karnataka,Premium,2025-05-21 00:00:00
C0099,Amit Mishra,amit.mishra@gmail.com,9233163576,lucknow,uttar pradesh,Premium,2024-10-27 00:00:00
C0100,Mohit Kumar,mohit.kumar@gmail.com,8323003336,delhi,delhi,Premium,2025-06-13 00:00:00
C0101,Meena Desai,meena.desai@gmail.com,8772083970,indore,madhya pradesh,VIP,2024-08-04 00:00:00
C0102,Vikas Joshi,vikas.joshi@gmail.com,9564552498,bengaluru,karnataka,Premium,2025-05-21 00:00:00
C0103,Suresh Shah,suresh.shah@gmail.com,7088974176,ahmedabad,gujarat,Regular,2023-07-13 00:00:00
C0104,Vikas Verma,vikas.verma@gmail.com,8385570227,vadodara,gujarat,VIP,2023-04-02 00:00:00
C0105,Isha Reddy,isha.reddy@gmail,9901362116,kolkata,west bengal,Premium,2023-07-25 00:00:00
C0107,Arjun Yadav,arjun.yadav@gmail.com,7666898313,ahmedabad,gujarat,Premium,2024-06-08 00:00:00
C0110,Riya Patel,riya.patel@gmail.com,9161095131,mumbai,maharashtra,Premium,2025-03-29 00:00:00
C0111,Aditya Sharma,aditya.sharma@gmail.com,8339846171,hyderabad,telangana,Regular,2024-11-29 00:00:00
C0112,Mohit Gupta,mohit.gupta@gmail.com,7951548935,hyderabad,telangana,Regular,2024-08-28 00:00:00
C0113,Nikhil Kumar,nikhil.kumar@gmail.com,9129513573,lucknow,uttar pradesh,Premium,2025-04-20 00:00:00
C0115,Rohan Joshi,rohan.joshi@gmail.com,7646384280,indore,madhya pradesh,New,2024-12-21 00:00:00
C0116,Meena Joshi,meena.joshi@gmail.com,9740542751,hyderabad,telangana,Regular,2024-01-27 00:00:00
C0117,Isha Singh,unknown,7518351152,bengaluru,karnataka,VIP,2025-07-27 00:00:00
C0118,Aditya Singh,aditya.singh@gmail.com,8997305752,kolkata,west bengal,VIP,2024-08-31 00:00:00
C0119,Neha Reddy,neha.reddy@gmail.com,7197092148,surat,gujarat,VIP,2025-10-28 00:00:00
C0121,Rohan Joshi,rohan.joshi@gmail.com,8253535854,bengaluru,karnataka,Premium,2024-03-31 00:00:00
C0122,Meena Joshi,meena.joshi@gmail.com,7694904767,ahmedabad,gujarat,VIP,2024-03-11 00:00:00
C0124,Riya Kumar,riya.kumar@gmail.com,7081490931,mumbai,maharashtra,Regular,2024-08-19 00:00:00
C0125,Rahul Sharma,rahul.sharma@gmail,7954720281,vadodara,gujarat,Premium,2025-08-27 00:00:00
C0126,Priya Joshi,priya.joshi@gmail.com,7217487269,vadodara,gujarat,Regular,2023-03-01 00:00:00
C0128,Nikhil Verma,nikhil.verma@gmail.com,8561476763,bengaluru,karnataka,Regular,2024-07-08 00:00:00
C0129,Rohan Sharma,rohan.sharma@gmail.com,7819488717,ahmedabad,gujarat,Regular,2023-12-13 00:00:00
C0130,Kavita Gupta,kavita.gupta@gmail.com,7488120041,kolkata,west bengal,Premium,2025-01-01 00:00:00
C0131,Pooja Reddy,pooja.reddy@gmail.com,8067958681,bengaluru,karnataka,Regular,2025-11-13 00:00:00
C0132,Sneha Gupta,sneha.gupta@gmail.com,7709214891,mumbai,maharashtra,VIP,2025-08-25 00:00:00
C0134,Meena Verma,meena.verma@gmail.com,8120947541,indore,madhya pradesh,VIP,2024-02-06 00:00:00
C0135,Isha Shah,isha.shah@gmail.com,7662510569,vadodara,gujarat,Regular,2023-02-13 00:00:00
C0136,Aditya Yadav,unknown,9030106617,rajkot,gujarat,Premium,2024-12-05 00:00:00
C0138,Arjun Kaur,arjun.kaur@gmail.com,7169602003,jaipur,rajasthan,VIP,2025-07-20 00:00:00
C0139,Pooja Sharma,pooja.sharma@gmail.com,8699484121,pune,maharashtra,New,2023-06-08 00:00:00
C0140,Suresh Chauhan,suresh.chauhan@gmail.com,9343868762,mumbai,maharashtra,VIP,2025-01-04 00:00:00
C0142,Nikhil Singh,nikhil.singh@gmail.com,9408990341,pune,maharashtra,New,2025-09-30 00:00:00
C0144,Riya Joshi,riya.joshi@gmail.com,7790479137,bhopal,madhya pradesh,VIP,2025-08-24 00:00:00
C0147,Isha Sharma,isha.sharma@gmail.com,7040356227,lucknow,uttar pradesh,Regular,2024-12-02 00:00:00
C0148,Isha Yadav,isha.yadav@gmail.com,9924068985,kolkata,west bengal,VIP,2023-07-05 00:00:00
C0149,Simran Mishra,simran.mishra@gmail.com,8449071761,delhi,delhi,VIP,2024-09-10 00:00:00
C0150,Vikas Reddy,vikas.reddy@gmail.com,8063239503,lucknow,uttar pradesh,Regular,2025-02-11 00:00:00
C0151,Anjali Mishra,anjali.mishra@gmail.com,8231995081,rajkot,gujarat,Regular,2024-09-21 00:00:00
C0152,Amit Kumar,unknown,8181184718,hyderabad,telangana,VIP,2024-03-24 00:00:00
C0154,Simran Mehta,simran.mehta@gmail.com,9234849897,jaipur,rajasthan,Regular,2023-08-04 00:00:00
C0155,Neha Patel,neha.patel@gmail.com,9869644485,pune,maharashtra,Premium,2024-12-19 00:00:00
C0157,Sneha Patel,sneha.patel@gmail.com,7391807468,indore,madhya pradesh,VIP,2025-04-07 00:00:00
C0159,Meena Reddy,meena.reddy@gmail.com,7697939765,lucknow,uttar pradesh,New,2023-02-01 00:00:00
C0160,Rohan Verma,rohan.verma@gmail.com,8576609019,bhopal,madhya pradesh,New,2024-06-12 00:00:00
C0161,Priya Patel,priya.patel@gmail.com,8422040412,rajkot,gujarat,VIP,2023-02-04 00:00:00
C0162,Anjali Verma,anjali.verma@gmail.com,8393213895,lucknow,uttar pradesh,Regular,2025-04-23 00:00:00
C0163,Priya Desai,priya.desai@gmail,9360427902,bengaluru,karnataka,VIP,2024-12-10 00:00:00
C0165,Karan Joshi,karan.joshi@gmail.com,Not Available,mumbai,maharashtra,Regular,2024-11-29 00:00:00
C0167,Mohit Mishra,unknown,8104944224,kolkata,west bengal,New,2023-12-01 00:00:00
C0168,Mohit Shah,mohit.shah@gmail.com,7498319477,bhopal,madhya pradesh,Premium,2025-04-05 00:00:00
C0169,Suresh Sharma,suresh.sharma@gmail.com,8676848676,mumbai,maharashtra,Premium,2023-06-13 00:00:00
C0171,Simran Gupta,simran.gupta@gmail.com,Not Available,bengaluru,karnataka,VIP,2023-08-17 00:00:00
C0172,Arjun Yadav,arjun.yadav@gmail.com,7513891087,delhi,delhi,Premium,2023-11-26 00:00:00
C0174,Rahul Gupta,rahul.gupta@gmail.com,8400661168,surat,gujarat,VIP,2025-11-13 00:00:00
C0175,Pooja Patel,pooja.patel@gmail.com,9033970459,indore,madhya pradesh,Premium,2024-09-29 00:00:00
C0176,Meena Sharma,meena.sharma@gmail.com,9291647639,rajkot,gujarat,VIP,2025-11-09 00:00:00
C0178,Vikas Patel,vikas.patel@gmail.com,7518597947,mumbai,maharashtra,Regular,2024-09-14 00:00:00
C0179,Isha Desai,isha.desai@gmail.com,7161581876,hyderabad,telangana,New,2025-08-15 00:00:00
C0180,Sneha Sharma,sneha.sharma@gmail.com,7387652480,surat,gujarat,VIP,2024-10-05 00:00:00
C0181,Kavita Joshi,kavita.joshi@gmail.com,7577551466,bhopal,madhya pradesh,Regular,2025-10-20 00:00:00
C0182,Sneha Kaur,sneha.kaur@gmail.com,9640323269,hyderabad,telangana,VIP,2023-06-14 00:00:00
C0183,Priya Singh,priya.singh@gmail.com,7459798459,jaipur,rajasthan,VIP,2024-06-13 00:00:00
C0185,Rohan Chauhan,rohan.chauhan@gmail.com,9755328890,kolkata,west bengal,New,2023-11-28 00:00:00
C0187,Priya Verma,priya.verma@gmail.com,8628238707,pune,maharashtra,Regular,2025-06-17 00:00:00
C0188,Arjun Joshi,arjun.joshi@gmail.com,8072910527,indore,madhya pradesh,Premium,2024-05-08 00:00:00
C0189,Priya Verma,priya.verma@gmail.com,9051831252,ahmedabad,gujarat,New,2024-08-13 00:00:00
C0190,Karan Singh,karan.singh@gmail.com,9079617090,mumbai,maharashtra,VIP,2024-12-08 00:00:00
C0191,Kavita Mishra,kavita.mishra@gmail.com,8829729510,ahmedabad,gujarat,Premium,2025-03-26 00:00:00
C0193,Nikhil Mehta,nikhil.mehta@gmail.com,9674192109,lucknow,uttar pradesh,Premium,2023-06-27 00:00:00
C0194,Neha Sharma,unknown,9835527487,delhi,delhi,Premium,2025-10-11 00:00:00
C0197,Meena Kumar,meena.kumar@gmail.com,7665484476,ahmedabad,gujarat,New,2023-09-22 00:00:00
C0198,Rahul Desai,rahul.desai@gmail.com,9546681221,rajkot,gujarat,New,2023-06-10 00:00:00
C0200,Rohan Reddy,rohan.reddy@gmail.com,9233616746,bhopal,madhya pradesh,Premium,2023-06-20 00:00:00
C0204,Anjali Shah,anjali.shah@gmail.com,9068564728,jaipur,rajasthan,VIP,2025-03-05 00:00:00
C0205,Mohit Mehta,mohit.mehta@gmail.com,Not Available,indore,madhya pradesh,VIP,2024-06-23 00:00:00
C0206,Nikhil Sharma,nikhil.sharma@gmail.com,7294708501,bhopal,madhya pradesh,VIP,2025-03-04 00:00:00
C0207,Anjali Desai,unknown,8759889613,mumbai,maharashtra,VIP,2024-03-07 00:00:00
C0208,Rahul Yadav,rahul.yadav@gmail.com,8087103368,surat,gujarat,VIP,2023-09-16 00:00:00
C0211,Riya Sharma,riya.sharma@gmail.com,9856179077,rajkot,gujarat,Regular,2025-06-12 00:00:00
C0213,Pooja Desai,pooja.desai@gmail.com,7370191370,chennai,tamil nadu,Regular,2024-11-06 00:00:00
C0215,Mohit Chauhan,mohit.chauhan@gmail.com,8251258015,indore,madhya pradesh,Premium,2024-07-27 00:00:00
C0216,Suresh Yadav,suresh.yadav@gmail.com,7432708635,pune,maharashtra,Regular,2024-11-27 00:00:00
C0217,Arjun Mishra,arjun.mishra@gmail.com,7348697524,vadodara,gujarat,New,2025-11-07 00:00:00
C0219,Sneha Patel,sneha.patel@gmail.com,7569941254,hyderabad,telangana,VIP,2025-09-30 00:00:00
C0220,Vikas Sharma,vikas.sharma@gmail.com,9962321335,indore,madhya pradesh,VIP,2023-01-15 00:00:00
C0221,Nikhil Patel,nikhil.patel@gmail.com,8482506118,delhi,delhi,Regular,2024-07-02 00:00:00
C0223,Vikas Shah,vikas.shah@gmail.com,8338211662,lucknow,uttar pradesh,VIP,2025-11-25 00:00:00
C0225,Mohit Chauhan,mohit.chauhan@gmail.com,9690643430,chennai,tamil nadu,Premium,2024-12-21 00:00:00
C0229,Pooja Shah,pooja.shah@gmail.com,8422996266,pune,maharashtra,New,2025-04-27 00:00:00
C0230,Arjun Yadav,arjun.yadav@gmail.com,8311939403,kolkata,west bengal,VIP,2024-01-27 00:00:00
C0231,Anjali Gupta,anjali.gupta@gmail.com,8219978197,indore,madhya pradesh,New,2025-07-28 00:00:00
C0232,Isha Singh,isha.singh@gmail.com,8953175066,bhopal,madhya pradesh,VIP,2024-10-13 00:00:00
C0233,Karan Joshi,karan.joshi@gmail.com,8003833443,bengaluru,karnataka,VIP,2025-07-29 00:00:00
C0234,Pooja Patel,pooja.patel@gmail.com,7999829240,indore,madhya pradesh,Regular,2024-08-25 00:00:00
C0235,Sneha Chauhan,sneha.chauhan@gmail.com,8637398296,pune,maharashtra,VIP,2025-06-13 00:00:00
C0236,Amit Gupta,amit.gupta@gmail.com,9763712703,mumbai,maharashtra,New,2023-10-17 00:00:00
C0237,Suresh Desai,suresh.desai@gmail.com,7656293602,kolkata,west bengal,New,2025-09-04 00:00:00
C0239,Riya Mehta,riya.mehta@gmail.com,9731349392,indore,madhya pradesh,Premium,2024-07-13 00:00:00
C0240,Sneha Sharma,sneha.sharma@gmail.com,9660933507,bhopal,madhya pradesh,VIP,2024-03-03 00:00:00
C0242,Simran Mishra,simran.mishra@gmail.com,9875932424,ahmedabad,gujarat,Regular,2025-08-26 00:00:00
C0244,Neha Sharma,neha.sharma@gmail.com,8687502175,hyderabad,telangana,Regular,2024-02-11 00:00:00
C0245,Aditya Shah,aditya.shah@gmail.com,8003143045,indore,madhya pradesh,Premium,2025-11-16 00:00:00
C0246,Priya Singh,priya.singh@gmail.com,9436779490,ahmedabad,gujarat,VIP,2023-09-06 00:00:00
C0247,Amit Gupta,amit.gupta@gmail.com,7053356336,kolkata,west bengal,New,2024-03-23 00:00:00
C0248,Arjun Singh,arjun.singh@gmail.com,7984438848,rajkot,gujarat,Premium,2024-12-11 00:00:00
C0251,Simran Joshi,simran.joshi@gmail.com,8629748727,mumbai,maharashtra,New,2023-02-04 00:00:00
C0254,Rohan Patel,rohan.patel@gmail.com,7217348079,mumbai,maharashtra,Premium,2025-09-16 00:00:00
C0256,Amit Mehta,unknown,8102337464,lucknow,uttar pradesh,Regular,2024-01-31 00:00:00
C0257,Mohit Shah,mohit.shah@gmail.com,9418790740,jaipur,rajasthan,VIP,2024-08-02 00:00:00
C0259,Anjali Verma,anjali.verma@gmail.com,8704657157,ahmedabad,gujarat,Premium,2025-05-02 00:00:00
C0265,Suresh Reddy,suresh.reddy@gmail.com,7519546158,surat,gujarat,VIP,2025-08-31 00:00:00
C0266,Amit Sharma,amit.sharma@gmail.com,7276905285,rajkot,gujarat,Premium,2023-03-20 00:00:00
C0268,Meena Joshi,meena.joshi@gmail.com,7776569551,lucknow,uttar pradesh,New,2024-10-26 00:00:00
C0269,Meena Yadav,meena.yadav@gmail.com,8936930132,bhopal,madhya pradesh,New,2023-03-08 00:00:00
C0270,Aditya Shah,aditya.shah@gmail.com,9506254832,delhi,delhi,New,2024-03-10 00:00:00
C0271,Anjali Singh,anjali.singh@gmail.com,7183860832,chennai,tamil nadu,Regular,2023-10-13 00:00:00
C0274,Neha Verma,neha.verma@gmail.com,9810382991,hyderabad,telangana,Regular,2024-11-04 00:00:00
C0275,Rohan Shah,rohan.shah@gmail.com,9722583581,vadodara,gujarat,New,2024-07-04 00:00:00
C0276,Pooja Verma,pooja.verma@gmail.com,9117951204,vadodara,gujarat,Regular,2025-01-22 00:00:00
C0277,Meena Gupta,meena.gupta@gmail.com,8856365377,indore,madhya pradesh,Regular,2024-04-16 00:00:00
C0279,Meena Patel,meena.patel@gmail.com,7870644102,vadodara,gujarat,Regular,2023-04-28 00:00:00
C0280,Kavita Joshi,kavita.joshi@gmail.com,7124660666,delhi,delhi,New,2025-01-27 00:00:00
C0281,Karan Chauhan,karan.chauhan@gmail.com,7724156214,hyderabad,telangana,New,2025-06-19 00:00:00
C0284,Riya Mehta,riya.mehta@gmail.com,8894577179,chennai,tamil nadu,VIP,2025-05-15 00:00:00
C0285,Kavita Gupta,kavita.gupta@gmail.com,8927845458,pune,maharashtra,VIP,2025-01-15 00:00:00
C0286,Amit Chauhan,amit.chauhan@gmail.com,8198832728,pune,maharashtra,VIP,2023-07-26 00:00:00
C0287,Amit Sharma,amit.sharma@gmail.com,7994167107,bhopal,madhya pradesh,New,2024-07-17 00:00:00
C0288,Rohan Patel,rohan.patel@gmail.com,8999454573,jaipur,rajasthan,Premium,2025-02-14 00:00:00
C0289,Mohit Shah,mohit.shah@gmail.com,8696998516,indore,madhya pradesh,VIP,2024-11-22 00:00:00
C0291,Mohit Mishra,mohit.mishra@gmail.com,7542934161,vadodara,gujarat,New,2025-03-03 00:00:00
C0293,Sneha Singh,sneha.singh@gmail.com,7526723719,vadodara,gujarat,New,2023-02-11 00:00:00
C0297,Simran Sharma,simran.sharma@gmail.com,7258449780,bhopal,madhya pradesh,VIP,2024-08-26 00:00:00
C0298,Mohit Desai,mohit.desai@gmail.com,9234621711,hyderabad,telangana,VIP,2024-12-15 00:00:00
C0299,Nikhil Mishra,nikhil.mishra@gmail.com,7329968072,bengaluru,karnataka,VIP,2025-10-10 00:00:00
C0300,Rohan Mishra,rohan.mishra@gmail.com,9108307952,ahmedabad,gujarat,VIP,2024-04-03 00:00:00
C0301,Kavita Kumar,kavita.kumar@gmail.com,8948728483,surat,gujarat,VIP,2025-02-19 00:00:00
C0302,Suresh Shah,suresh.shah@gmail.com,7411587803,hyderabad,telangana,New,2025-07-12 00:00:00
C0303,Mohit Gupta,mohit.gupta@gmail.com,8510002930,rajkot,gujarat,Premium,2023-04-11 00:00:00
C0304,Karan Sharma,karan.sharma@gmail.com,9487560384,kolkata,west bengal,VIP,2025-11-01 00:00:00
C0305,Aditya Shah,aditya.shah@gmail.com,8311598149,hyderabad,telangana,VIP,2023-07-16 00:00:00
C0306,Kavita Sharma,unknown,7647588523,vadodara,gujarat,New,2024-02-13 00:00:00
C0309,Suresh Gupta,suresh.gupta@gmail.com,7001743499,mumbai,maharashtra,New,2023-09-19 00:00:00
C0310,Arjun Singh,arjun.singh@gmail.com,9594306443,vadodara,gujarat,New,2023-09-02 00:00:00
C0311,Isha Gupta,isha.gupta@gmail.com,7401271939,bengaluru,karnataka,Regular,2023-07-24 00:00:00
C0313,Nikhil Sharma,nikhil.sharma@gmail.com,8371454094,bengaluru,karnataka,Premium,2023-03-23 00:00:00
C0314,Kavita Kaur,kavita.kaur@gmail.com,8619559006,hyderabad,telangana,Premium,2024-02-27 00:00:00
C0316,Priya Singh,unknown,8697643337,hyderabad,telangana,VIP,2025-04-17 00:00:00
C0317,Isha Mehta,isha.mehta@gmail.com,8250110133,pune,maharashtra,VIP,2023-12-26 00:00:00
C0318,Amit Gupta,unknown,7872726570,lucknow,uttar pradesh,VIP,2023-01-22 00:00:00
C0319,Amit Mishra,amit.mishra@gmail.com,9685620292,ahmedabad,gujarat,Premium,2025-09-03 00:00:00
C0321,Anjali Kaur,anjali.kaur@gmail.com,8285291868,vadodara,gujarat,Premium,2023-09-04 00:00:00
C0322,Rahul Desai,rahul.desai@gmail.com,9911682538,bengaluru,karnataka,Premium,2025-08-15 00:00:00
C0323,Mohit Yadav,mohit.yadav@gmail.com,7230258601,indore,madhya pradesh,New,2025-11-13 00:00:00
C0326,Isha Singh,isha.singh@gmail.com,9747261955,hyderabad,telangana,VIP,2025-04-05 00:00:00
C0327,Simran Shah,simran.shah@gmail.com,9647849438,kolkata,west bengal,VIP,2025-01-27 00:00:00
C0328,Amit Patel,amit.patel@gmail.com,8666873181,bengaluru,karnataka,New,2023-06-26 00:00:00
C0329,Neha Patel,neha.patel@gmail.com,8408405265,chennai,tamil nadu,Regular,2023-11-03 00:00:00
C0331,Rohan Kumar,rohan.kumar@gmail.com,8653637143,pune,maharashtra,New,2024-10-17 00:00:00
C0332,Neha Chauhan,neha.chauhan@gmail.com,Not Available,indore,madhya pradesh,Premium,2025-07-10 00:00:00
C0333,Aditya Kumar,aditya.kumar@gmail.com,7907813747,indore,madhya pradesh,New,2025-06-17 00:00:00
C0334,Kavita Singh,kavita.singh@gmail.com,9907059529,bhopal,madhya pradesh,New,2025-04-30 00:00:00
C0335,Kavita Kumar,kavita.kumar@gmail.com,7862407093,vadodara,gujarat,VIP,2025-11-23 00:00:00
C0336,Kavita Yadav,kavita.yadav@gmail.com,7955229116,bhopal,madhya pradesh,VIP,2023-07-18 00:00:00
C0337,Aditya Singh,aditya.singh@gmail.com,Not Available,ahmedabad,gujarat,VIP,2025-02-13 00:00:00
C0342,Simran Patel,simran.patel@gmail.com,9192509020,chennai,tamil nadu,VIP,2025-05-20 00:00:00
C0343,Arjun Singh,arjun.singh@gmail.com,7463172080,jaipur,rajasthan,New,2024-12-05 00:00:00
C0345,Arjun Mishra,arjun.mishra@gmail.com,8396453077,indore,madhya pradesh,New,2025-02-15 00:00:00
C0347,Isha Yadav,isha.yadav@gmail.com,9073338701,kolkata,west bengal,Premium,2023-12-20 00:00:00
C0348,Mohit Shah,mohit.shah@gmail.com,8786661942,kolkata,west bengal,VIP,2024-08-11 00:00:00
C0349,Nikhil Verma,nikhil.verma@gmail,7011017705,mumbai,maharashtra,New,2025-04-11 00:00:00
C0352,Meena Mehta,meena.mehta@gmail,8360981688,chennai,tamil nadu,Premium,2023-10-07 00:00:00
C0353,Isha Mishra,isha.mishra@gmail.com,7103967542,lucknow,uttar pradesh,Premium,2025-01-21 00:00:00
C0354,Aditya Verma,aditya.verma@gmail.com,9744220825,delhi,delhi,VIP,2024-06-27 00:00:00
C0355,Priya Patel,priya.patel@gmail.com,8877279755,rajkot,gujarat,Regular,2023-07-13 00:00:00
C0356,Vikas Kumar,vikas.kumar@gmail.com,9732401365,bhopal,madhya pradesh,New,2023-05-06 00:00:00
C0357,Sneha Patel,sneha.patel@gmail.com,8881908383,kolkata,west bengal,Regular,2024-04-19 00:00:00
C0358,Riya Kaur,riya.kaur@gmail.com,8174491176,mumbai,maharashtra,VIP,2025-04-05 00:00:00
C0359,Riya Mehta,riya.mehta@gmail.com,7493428666,lucknow,uttar pradesh,Regular,2025-09-08 00:00:00
C0360,Rahul Patel,rahul.patel@gmail.com,7625162463,indore,madhya pradesh,New,2025-03-30 00:00:00
C0362,Anjali Joshi,anjali.joshi@gmail.com,9070647070,bhopal,madhya pradesh,New,2023-05-07 00:00:00
C0363,Mohit Gupta,mohit.gupta@gmail.com,8231881066,mumbai,maharashtra,Regular,2024-05-09 00:00:00
C0364,Arjun Yadav,arjun.yadav@gmail.com,7351197575,lucknow,uttar pradesh,Premium,2025-05-27 00:00:00
C0365,Sneha Kumar,sneha.kumar@gmail.com,7225366046,ahmedabad,gujarat,VIP,2024-09-06 00:00:00
C0368,Anjali Shah,anjali.shah@gmail.com,7625217504,rajkot,gujarat,VIP,2023-01-17 00:00:00
C0369,Priya Chauhan,priya.chauhan@gmail.com,8398120064,chennai,tamil nadu,Premium,2023-08-27 00:00:00
C0370,Simran Verma,simran.verma@gmail.com,Not Available,kolkata,west bengal,New,2025-09-23 00:00:00
C0371,Neha Kumar,neha.kumar@gmail.com,8829963525,chennai,tamil nadu,VIP,2025-09-04 00:00:00
C0372,Isha Chauhan,isha.chauhan@gmail.com,8440839808,surat,gujarat,Premium,2024-03-06 00:00:00
C0373,Priya Reddy,priya.reddy@gmail.com,7957425987,indore,madhya pradesh,Regular,2025-02-01 00:00:00
C0374,Meena Joshi,meena.joshi@gmail.com,9622487366,mumbai,maharashtra,Premium,2023-04-07 00:00:00
C0375,Priya Shah,priya.shah@gmail.com,7219720597,hyderabad,telangana,New,2025-02-02 00:00:00
C0379,Pooja Kumar,pooja.kumar@gmail.com,8881988384,indore,madhya pradesh,Premium,2024-06-17 00:00:00
C0380,Anjali Singh,anjali.singh@gmail.com,9878380452,mumbai,maharashtra,Regular,2023-11-25 00:00:00
C0381,Simran Sharma,simran.sharma@gmail.com,8702274064,chennai,tamil nadu,VIP,2025-06-14 00:00:00
C0382,Aditya Mishra,aditya.mishra@gmail.com,9782155716,indore,madhya pradesh,New,2025-11-19 00:00:00
C0383,Neha Sharma,neha.sharma@gmail.com,7705041929,jaipur,rajasthan,Premium,2023-03-08 00:00:00
C0384,Neha Mehta,neha.mehta@gmail.com,9343957058,delhi,delhi,VIP,2023-05-13 00:00:00
C0385,Amit Mishra,amit.mishra@gmail.com,9842377282,indore,madhya pradesh,New,2023-12-07 00:00:00
C0387,Isha Yadav,isha.yadav@gmail.com,7169855455,indore,madhya pradesh,Premium,2024-09-07 00:00:00
C0388,Suresh Reddy,suresh.reddy@gmail.com,8009317340,ahmedabad,gujarat,New,2025-08-31 00:00:00
C0389,Kavita Singh,unknown,Not Available,rajkot,gujarat,Regular,2025-05-06 00:00:00
C0390,Riya Desai,riya.desai@gmail.com,7988317990,bengaluru,karnataka,Regular,2024-10-23 00:00:00
C0391,Kavita Gupta,kavita.gupta@gmail.com,7907166142,chennai,tamil nadu,New,2025-03-27 00:00:00
C0392,Kavita Kumar,kavita.kumar@gmail.com,8520174713,rajkot,gujarat,VIP,2023-12-29 00:00:00
C0393,Meena Joshi,meena.joshi@gmail.com,8146731886,pune,maharashtra,New,2024-04-27 00:00:00
C0394,Anjali Shah,anjali.shah@gmail.com,8350782959,lucknow,uttar pradesh,New,2025-12-08 00:00:00
C0396,Arjun Gupta,arjun.gupta@gmail.com,8214741296,surat,gujarat,Premium,2025-06-09 00:00:00
C0397,Anjali Verma,anjali.verma@gmail.com,7069759864,pune,maharashtra,Premium,2023-01-28 00:00:00
C0401,Arjun Joshi,arjun.joshi@gmail.com,9538519431,delhi,delhi,VIP,2023-06-07 00:00:00
C0403,Priya Mishra,priya.mishra@gmail.com,9755074460,vadodara,gujarat,New,2024-07-17 00:00:00
C0404,Simran Joshi,simran.joshi@gmail.com,7516977385,kolkata,west bengal,Premium,2025-01-25 00:00:00
C0405,Neha Reddy,neha.reddy@gmail.com,7599793329,kolkata,west bengal,Regular,2023-09-21 00:00:00
C0406,Rohan Mishra,rohan.mishra@gmail.com,9772404776,mumbai,maharashtra,VIP,2023-09-14 00:00:00
C0408,Sneha Gupta,sneha.gupta@gmail.com,8764351603,lucknow,uttar pradesh,New,2025-05-20 00:00:00
C0409,Nikhil Shah,nikhil.shah@gmail.com,9997331061,vadodara,gujarat,Premium,2025-09-29 00:00:00
C0410,Meena Kumar,meena.kumar@gmail.com,9817747689,kolkata,west bengal,VIP,2024-11-20 00:00:00
C0411,Amit Kumar,amit.kumar@gmail.com,9719453060,surat,gujarat,Regular,2025-09-17 00:00:00
C0412,Vikas Sharma,unknown,8671543978,rajkot,gujarat,New,2024-04-12 00:00:00
C0413,Pooja Gupta,pooja.gupta@gmail.com,7546696950,rajkot,gujarat,Premium,2025-05-14 00:00:00
C0414,Rohan Reddy,rohan.reddy@gmail.com,8263513519,surat,gujarat,Regular,2024-01-16 00:00:00
C0415,Kavita Mehta,kavita.mehta@gmail.com,7072546169,delhi,delhi,Regular,2024-01-06 00:00:00
C0417,Arjun Gupta,arjun.gupta@gmail.com,7015792126,jaipur,rajasthan,Premium,2024-04-13 00:00:00
C0418,Arjun Sharma,arjun.sharma@gmail.com,9964732879,pune,maharashtra,Premium,2025-09-18 00:00:00
C0419,Mohit Desai,mohit.desai@gmail.com,9550399650,jaipur,rajasthan,New,2023-02-26 00:00:00
C0420,Nikhil Sharma,unknown,9930025537,surat,gujarat,Premium,2024-05-20 00:00:00
C0421,Vikas Joshi,vikas.joshi@gmail.com,9054564070,indore,madhya pradesh,VIP,2025-10-21 00:00:00
C0422,Neha Mehta,neha.mehta@gmail.com,9918798987,hyderabad,telangana,Premium,2023-04-01 00:00:00
C0423,Anjali Gupta,anjali.gupta@gmail.com,9300607428,surat,gujarat,VIP,2025-03-17 00:00:00
C0424,Nikhil Singh,nikhil.singh@gmail.com,9988564933,rajkot,gujarat,Regular,2025-07-27 00:00:00
C0427,Isha Mishra,isha.mishra@gmail.com,7130076950,jaipur,rajasthan,Premium,2024-08-19 00:00:00
C0429,Rahul Gupta,rahul.gupta@gmail.com,8012061834,rajkot,gujarat,Premium,2023-11-16 00:00:00
C0430,Aditya Yadav,aditya.yadav@gmail.com,9245334677,pune,maharashtra,Regular,2025-05-07 00:00:00
C0433,Vikas Verma,vikas.verma@gmail.com,7667779376,rajkot,gujarat,New,2024-10-30 00:00:00
C0437,Pooja Kaur,pooja.kaur@gmail.com,9600039571,pune,maharashtra,New,2024-07-01 00:00:00
C0438,Amit Verma,amit.verma@gmail,9843355206,chennai,tamil nadu,VIP,2023-12-21 00:00:00
C0439,Anjali Patel,anjali.patel@gmail.com,9173085046,chennai,tamil nadu,Premium,2024-07-08 00:00:00
C0440,Rahul Yadav,rahul.yadav@gmail.com,8515333350,rajkot,gujarat,VIP,2024-03-17 00:00:00
C0441,Isha Kumar,isha.kumar@gmail.com,8290359719,pune,maharashtra,New,2023-07-30 00:00:00
C0442,Anjali Shah,anjali.shah@gmail.com,8765670844,jaipur,rajasthan,VIP,2024-04-17 00:00:00
C0444,Anjali Mishra,anjali.mishra@gmail.com,8974565461,kolkata,west bengal,Premium,2025-02-25 00:00:00
C0445,Kavita Shah,kavita.shah@gmail.com,8842650262,jaipur,rajasthan,New,2023-07-09 00:00:00
C0446,Amit Patel,unknown,8129971523,rajkot,gujarat,Regular,2024-05-12 00:00:00
C0448,Meena Sharma,meena.sharma@gmail.com,8050032570,ahmedabad,gujarat,Regular,2025-06-24 00:00:00
C0449,Meena Gupta,meena.gupta@gmail.com,7943614372,hyderabad,telangana,Premium,2024-06-25 00:00:00
C0450,Meena Kaur,meena.kaur@gmail.com,9499610004,surat,gujarat,Premium,2024-10-07 00:00:00
C0451,Amit Desai,amit.desai@gmail.com,8227193073,rajkot,gujarat,Regular,2025-11-06 00:00:00
C0452,Vikas Shah,vikas.shah@gmail.com,7650392310,delhi,delhi,VIP,2023-12-13 00:00:00
C0453,Karan Gupta,karan.gupta@gmail.com,9032319170,lucknow,uttar pradesh,Premium,2024-09-05 00:00:00
C0455,Anjali Joshi,anjali.joshi@gmail.com,7181914018,kolkata,west bengal,New,2023-09-11 00:00:00
C0456,Rahul Singh,rahul.singh@gmail.com,7084961603,lucknow,uttar pradesh,VIP,2024-06-10 00:00:00
C0457,Priya Joshi,priya.joshi@gmail.com,7566696611,bengaluru,karnataka,VIP,2023-06-08 00:00:00
C0458,Vikas Patel,vikas.patel@gmail.com,9136202250,kolkata,west bengal,VIP,2025-08-14 00:00:00
C0460,Riya Gupta,riya.gupta@gmail.com,9200916676,delhi,delhi,Regular,2024-07-16 00:00:00
C0461,Nikhil Kumar,nikhil.kumar@gmail.com,8878930355,ahmedabad,gujarat,VIP,2023-11-18 00:00:00
C0463,Mohit Reddy,mohit.reddy@gmail.com,7182174975,bhopal,madhya pradesh,New,2024-09-01 00:00:00
C0464,Neha Patel,neha.patel@gmail.com,9829998009,rajkot,gujarat,Regular,2023-11-03 00:00:00
C0465,Arjun Verma,arjun.verma@gmail.com,8079770569,rajkot,gujarat,VIP,2023-12-06 00:00:00
C0466,Anjali Mishra,anjali.mishra@gmail.com,9887681752,mumbai,maharashtra,Premium,2023-05-18 00:00:00
C0468,Riya Kumar,unknown,8647489402,rajkot,gujarat,Regular,2024-10-31 00:00:00
C0469,Karan Mishra,karan.mishra@gmail.com,8540133116,mumbai,maharashtra,VIP,2026-01-05 00:00:00
C0471,Riya Mehta,riya.mehta@gmail,9346225613,pune,maharashtra,Regular,2023-06-21 00:00:00
C0472,Mohit Mishra,mohit.mishra@gmail.com,8928761313,vadodara,gujarat,VIP,2025-01-29 00:00:00
C0473,Suresh Yadav,suresh.yadav@gmail.com,8775719463,rajkot,gujarat,VIP,2024-09-12 00:00:00
C0475,Pooja Joshi,pooja.joshi@gmail.com,8216445336,delhi,delhi,Premium,2024-04-11 00:00:00
C0476,Karan Mehta,karan.mehta@gmail.com,9605585995,vadodara,gujarat,New,2025-12-04 00:00:00
C0478,Kavita Sharma,kavita.sharma@gmail.com,7888346940,indore,madhya pradesh,Regular,2024-01-11 00:00:00
C0479,Amit Mishra,amit.mishra@gmail.com,8947526113,bhopal,madhya pradesh,Regular,2025-06-29 00:00:00
C0480,Priya Mehta,priya.mehta@gmail.com,9396677171,kolkata,west bengal,New,2025-11-07 00:00:00
C0481,Mohit Yadav,mohit.yadav@gmail.com,7022553699,bhopal,madhya pradesh,Regular,2023-11-27 00:00:00
C0482,Anjali Shah,anjali.shah@gmail.com,8431548670,pune,maharashtra,Premium,2023-08-13 00:00:00
C0483,Sneha Kumar,sneha.kumar@gmail.com,7942160389,indore,madhya pradesh,New,2024-02-15 00:00:00
C0485,Aditya Kumar,aditya.kumar@gmail.com,9460414950,surat,gujarat,Premium,2023-07-18 00:00:00
C0486,Arjun Mishra,arjun.mishra@gmail.com,9484528348,hyderabad,telangana,New,2024-11-11 00:00:00
C0487,Rahul Mehta,rahul.mehta@gmail.com,8422663210,chennai,tamil nadu,Regular,2023-12-08 00:00:00
C0488,Priya Mishra,priya.mishra@gmail.com,7040588163,kolkata,west bengal,VIP,2023-05-18 00:00:00
C0489,Rahul Mehta,unknown,8282531582,lucknow,uttar pradesh,New,2023-11-08 00:00:00
C0491,Simran Chauhan,simran.chauhan@gmail.com,7579187439,ahmedabad,gujarat,VIP,2025-10-24 00:00:00
C0492,Aditya Kaur,aditya.kaur@gmail.com,8908366487,indore,madhya pradesh,Premium,2024-02-01 00:00:00
C0493,Anjali Gupta,anjali.gupta@gmail.com,7440619526,kolkata,west bengal,Regular,2025-01-11 00:00:00
C0494,Amit Mehta,amit.mehta@gmail.com,7075801011,hyderabad,telangana,VIP,2023-07-07 00:00:00
C0496,Amit Mehta,amit.mehta@gmail.com,8081042134,rajkot,gujarat,Regular,2024-06-05 00:00:00
C0497,Priya Kaur,priya.kaur@gmail.com,8872026192,vadodara,gujarat,Premium,2024-04-25 00:00:00
C0498,Nikhil Gupta,nikhil.gupta@gmail.com,7527033009,jaipur,rajasthan,Premium,2025-04-01 00:00:00
C0499,Riya Desai,riya.desai@gmail.com,9771370988,bhopal,madhya pradesh,New,2023-04-17 00:00:00
C0500,Vikas Yadav,vikas.yadav@gmail.com,7010621799,indore,madhya pradesh,VIP,2025-08-29 00:00:00
C0502,Karan Yadav,karan.yadav@gmail.com,7801555686,bengaluru,karnataka,VIP,2025-09-22 00:00:00
C0503,Kavita Desai,kavita.desai@gmail.com,8331874973,bhopal,madhya pradesh,New,2023-03-05 00:00:00
C0504,Meena Sharma,unknown,Not Available,lucknow,uttar pradesh,Regular,2024-04-06 00:00:00
C0505,Neha Patel,neha.patel@gmail.com,8008458444,bhopal,madhya pradesh,VIP,2024-06-22 00:00:00
C0506,Neha Shah,neha.shah@gmail.com,8218101886,jaipur,rajasthan,New,2023-03-01 00:00:00
C0511,Neha Joshi,neha.joshi@gmail.com,8347411580,vadodara,gujarat,Regular,2023-11-18 00:00:00
C0512,Suresh Kaur,suresh.kaur@gmail.com,9761027762,jaipur,rajasthan,New,2023-08-06 00:00:00
C0513,Riya Joshi,riya.joshi@gmail.com,8880160025,ahmedabad,gujarat,Premium,2024-07-31 00:00:00
C0514,Arjun Shah,arjun.shah@gmail.com,9345766219,hyderabad,telangana,Regular,2024-02-29 00:00:00
C0516,Nikhil Verma,nikhil.verma@gmail.com,8303136758,indore,madhya pradesh,Premium,2023-01-14 00:00:00
C0517,Mohit Chauhan,mohit.chauhan@gmail.com,9361618235,mumbai,maharashtra,New,2025-07-15 00:00:00
C0518,Mohit Mehta,mohit.mehta@gmail.com,Not Available,hyderabad,telangana,Premium,2023-10-05 00:00:00
C0521,Meena Patel,meena.patel@gmail.com,7863204110,lucknow,uttar pradesh,New,2025-03-12 00:00:00
C0524,Arjun Kumar,arjun.kumar@gmail.com,9944591628,pune,maharashtra,VIP,2024-09-09 00:00:00
C0525,Priya Kaur,priya.kaur@gmail.com,9457877922,vadodara,gujarat,Regular,2023-12-05 00:00:00
C0526,Aditya Desai,aditya.desai@gmail.com,9626352261,bhopal,madhya pradesh,Premium,2025-09-15 00:00:00
C0528,Mohit Mishra,mohit.mishra@gmail.com,9351762983,vadodara,gujarat,Regular,2023-12-25 00:00:00
C0529,Priya Singh,priya.singh@gmail.com,8250605847,jaipur,rajasthan,Premium,2023-08-17 00:00:00
C0530,Karan Patel,karan.patel@gmail.com,Not Available,kolkata,west bengal,Premium,2025-05-31 00:00:00
C0531,Suresh Kaur,suresh.kaur@gmail.com,Not Available,ahmedabad,gujarat,New,2025-10-30 00:00:00
C0533,Vikas Mishra,vikas.mishra@gmail.com,9964722828,vadodara,gujarat,VIP,2025-09-01 00:00:00
C0534,Pooja Sharma,unknown,9480600589,lucknow,uttar pradesh,New,2024-11-22 00:00:00
C0536,Isha Kumar,isha.kumar@gmail.com,8562929828,pune,maharashtra,New,2026-01-02 00:00:00
C0538,Karan Mishra,karan.mishra@gmail.com,8114317366,vadodara,gujarat,VIP,2025-11-23 00:00:00
C0539,Mohit Sharma,mohit.sharma@gmail.com,7619142798,delhi,delhi,VIP,2024-10-06 00:00:00
C0540,Nikhil Patel,nikhil.patel@gmail.com,8248559979,jaipur,rajasthan,New,2025-01-14 00:00:00
C0541,Kavita Kumar,kavita.kumar@gmail.com,7857695227,lucknow,uttar pradesh,Premium,2023-04-11 00:00:00
C0542,Priya Desai,unknown,7302314710,indore,madhya pradesh,New,2025-08-27 00:00:00
C0543,Anjali Shah,anjali.shah@gmail.com,8350275186,chennai,tamil nadu,Premium,2023-06-06 00:00:00
C0544,Riya Yadav,riya.yadav@gmail.com,8362784338,lucknow,uttar pradesh,VIP,2024-12-27 00:00:00
C0545,Riya Shah,riya.shah@gmail.com,7050899550,surat,gujarat,New,2025-12-09 00:00:00
C0546,Arjun Yadav,arjun.yadav@gmail.com,9313993297,vadodara,gujarat,VIP,2025-10-21 00:00:00
C0548,Rahul Sharma,rahul.sharma@gmail.com,8696227959,ahmedabad,gujarat,Premium,2024-06-21 00:00:00
C0549,Rahul Gupta,rahul.gupta@gmail.com,9197926822,lucknow,uttar pradesh,VIP,2025-10-07 00:00:00
C0551,Suresh Gupta,suresh.gupta@gmail.com,Not Available,kolkata,west bengal,Premium,2025-06-15 00:00:00
C0552,Sneha Mehta,sneha.mehta@gmail.com,8427818730,bengaluru,karnataka,Premium,2024-07-19 00:00:00
C0553,Rahul Kaur,rahul.kaur@gmail,9914390260,chennai,tamil nadu,New,2024-04-28 00:00:00
C0554,Rahul Patel,rahul.patel@gmail.com,8015242176,vadodara,gujarat,Premium,2025-04-19 00:00:00
C0555,Suresh Shah,suresh.shah@gmail.com,7518849078,rajkot,gujarat,Premium,2024-01-10 00:00:00
C0557,Nikhil Joshi,nikhil.joshi@gmail.com,7576384364,indore,madhya pradesh,New,2024-10-20 00:00:00
C0560,Nikhil Mehta,nikhil.mehta@gmail.com,9779891609,kolkata,west bengal,Premium,2023-05-08 00:00:00
C0561,Aditya Kumar,aditya.kumar@gmail.com,9431561831,indore,madhya pradesh,Premium,2025-12-22 00:00:00
C0563,Rohan Kaur,rohan.kaur@gmail.com,8237075775,jaipur,rajasthan,Premium,2024-07-24 00:00:00
C0564,Vikas Reddy,vikas.reddy@gmail.com,8596523152,delhi,delhi,Regular,2025-05-18 00:00:00
C0566,Pooja Reddy,pooja.reddy@gmail.com,9699987374,hyderabad,telangana,VIP,2025-02-06 00:00:00
C0567,Mohit Sharma,mohit.sharma@gmail.com,8584496586,rajkot,gujarat,Premium,2025-01-25 00:00:00
C0568,Aditya Mehta,aditya.mehta@gmail.com,9007492791,lucknow,uttar pradesh,Regular,2024-01-10 00:00:00
C0570,Priya Yadav,priya.yadav@gmail.com,9411995282,bengaluru,karnataka,Regular,2024-05-21 00:00:00
C0571,Aditya Kaur,aditya.kaur@gmail.com,Not Available,chennai,tamil nadu,Regular,2023-10-14 00:00:00
C0572,Kavita Desai,kavita.desai@gmail.com,Not Available,lucknow,uttar pradesh,Regular,2025-12-31 00:00:00
C0573,Riya Joshi,riya.joshi@gmail.com,8089966667,mumbai,maharashtra,VIP,2025-08-22 00:00:00
C0576,Kavita Shah,kavita.shah@gmail.com,9393528385,bengaluru,karnataka,Regular,2024-08-30 00:00:00
C0577,Rahul Yadav,rahul.yadav@gmail.com,9791815554,vadodara,gujarat,New,2024-12-14 00:00:00
C0580,Sneha Gupta,sneha.gupta@gmail.com,9193894984,ahmedabad,gujarat,VIP,2024-10-31 00:00:00
C0581,Aditya Yadav,aditya.yadav@gmail,7430372878,bhopal,madhya pradesh,New,2023-06-30 00:00:00
C0583,Sneha Mishra,sneha.mishra@gmail.com,9378483743,chennai,tamil nadu,Regular,2023-12-07 00:00:00
C0584,Meena Kaur,meena.kaur@gmail.com,9246611301,kolkata,west bengal,VIP,2023-01-25 00:00:00
C0585,Suresh Yadav,suresh.yadav@gmail.com,7933885988,kolkata,west bengal,New,2025-11-20 00:00:00
C0586,Karan Mehta,karan.mehta@gmail.com,7955042637,chennai,tamil nadu,VIP,2023-12-31 00:00:00
C0588,Suresh Chauhan,suresh.chauhan@gmail.com,7970172879,hyderabad,telangana,New,2025-01-25 00:00:00
C0589,Pooja Yadav,pooja.yadav@gmail.com,7871761712,bengaluru,karnataka,New,2025-11-05 00:00:00
C0590,Priya Desai,priya.desai@gmail.com,7391283036,mumbai,maharashtra,Premium,2024-07-09 00:00:00
C0591,Mohit Mishra,unknown,Not Available,mumbai,maharashtra,Premium,2023-05-05 00:00:00
C0592,Anjali Sharma,anjali.sharma@gmail.com,9758490418,mumbai,maharashtra,New,2023-11-05 00:00:00
C0593,Anjali Kaur,anjali.kaur@gmail.com,7153931824,ahmedabad,gujarat,VIP,2024-07-16 00:00:00
C0594,Kavita Verma,kavita.verma@gmail.com,7654602021,rajkot,gujarat,VIP,2025-12-07 00:00:00
C0595,Sneha Desai,sneha.desai@gmail.com,7343868435,vadodara,gujarat,VIP,2025-04-28 00:00:00
C0596,Anjali Joshi,anjali.joshi@gmail.com,9377148230,bengaluru,karnataka,Premium,2024-12-12 00:00:00
C0598,Rahul Joshi,rahul.joshi@gmail.com,8991836786,lucknow,uttar pradesh,Premium,2023-08-15 00:00:00
C0599,Sneha Gupta,sneha.gupta@gmail.com,9281169403,vadodara,gujarat,VIP,2025-01-11 00:00:00
C0600,Meena Singh,meena.singh@gmail.com,8266291262,hyderabad,telangana,Premium,2023-10-18 00:00:00
C0602,Rohan Chauhan,rohan.chauhan@gmail.com,8710668371,bhopal,madhya pradesh,New,2024-02-13 00:00:00
C0603,Riya Singh,riya.singh@gmail.com,9527331058,rajkot,gujarat,Premium,2024-04-02 00:00:00
C0605,Kavita Sharma,kavita.sharma@gmail.com,7127978094,ahmedabad,gujarat,VIP,2025-05-23 00:00:00
C0606,Sneha Chauhan,sneha.chauhan@gmail.com,Not Available,kolkata,west bengal,VIP,2025-10-26 00:00:00
C0608,Nikhil Reddy,nikhil.reddy@gmail.com,9355655182,jaipur,rajasthan,Premium,2024-10-16 00:00:00
C0609,Priya Joshi,priya.joshi@gmail.com,9567466567,chennai,tamil nadu,Premium,2025-12-10 00:00:00
C0611,Mohit Gupta,mohit.gupta@gmail.com,8079815404,bengaluru,karnataka,New,2023-03-08 00:00:00
C0612,Sneha Verma,sneha.verma@gmail.com,9305069227,surat,gujarat,Regular,2025-10-14 00:00:00
C0613,Sneha Yadav,sneha.yadav@gmail.com,8721444792,bengaluru,karnataka,New,2023-09-17 00:00:00
C0614,Aditya Mishra,aditya.mishra@gmail.com,7079972435,bhopal,madhya pradesh,New,2023-01-02 00:00:00
C0615,Vikas Mishra,vikas.mishra@gmail.com,9990651739,delhi,delhi,Regular,2024-06-28 00:00:00
C0616,Isha Desai,isha.desai@gmail.com,9609592494,mumbai,maharashtra,Regular,2025-05-18 00:00:00
C0617,Nikhil Verma,nikhil.verma@gmail.com,9352808730,indore,madhya pradesh,New,2025-05-13 00:00:00
C0619,Karan Shah,karan.shah@gmail.com,8027918636,bengaluru,karnataka,VIP,2023-10-17 00:00:00
C0620,Karan Desai,karan.desai@gmail.com,Not Available,rajkot,gujarat,VIP,2023-08-30 00:00:00
C0621,Isha Desai,isha.desai@gmail.com,7195472006,surat,gujarat,New,2025-11-30 00:00:00
C0622,Anjali Singh,anjali.singh@gmail.com,9734252963,rajkot,gujarat,Premium,2024-08-01 00:00:00
C0623,Sneha Singh,sneha.singh@gmail.com,7931466076,hyderabad,telangana,New,2025-10-07 00:00:00
C0626,Suresh Yadav,suresh.yadav@gmail.com,7490623034,pune,maharashtra,VIP,2024-10-24 00:00:00
C0627,Arjun Mishra,arjun.mishra@gmail.com,8707052548,lucknow,uttar pradesh,Regular,2024-12-06 00:00:00
C0628,Pooja Mehta,pooja.mehta@gmail.com,8760097041,chennai,tamil nadu,VIP,2024-09-12 00:00:00
C0629,Riya Sharma,riya.sharma@gmail.com,Not Available,bhopal,madhya pradesh,New,2023-08-21 00:00:00
C0630,Meena Singh,meena.singh@gmail.com,7573673552,jaipur,rajasthan,VIP,2025-11-19 00:00:00
C0631,Mohit Reddy,mohit.reddy@gmail.com,7933058809,ahmedabad,gujarat,Premium,2023-02-21 00:00:00
C0632,Pooja Desai,pooja.desai@gmail.com,9508990774,vadodara,gujarat,Regular,2025-05-12 00:00:00
C0633,Amit Singh,amit.singh@gmail,9710815922,chennai,tamil nadu,Premium,2025-03-12 00:00:00
C0637,Aditya Patel,aditya.patel@gmail.com,Not Available,bengaluru,karnataka,Premium,2025-04-14 00:00:00
C0638,Riya Sharma,riya.sharma@gmail.com,8692304102,hyderabad,telangana,Regular,2025-02-15 00:00:00
C0639,Suresh Mishra,suresh.mishra@gmail.com,7344951668,indore,madhya pradesh,Premium,2025-06-06 00:00:00
C0640,Isha Mehta,isha.mehta@gmail.com,9420721027,surat,gujarat,Regular,2025-08-23 00:00:00
C0641,Rahul Reddy,rahul.reddy@gmail.com,8526788512,rajkot,gujarat,New,2025-10-12 00:00:00
C0642,Mohit Sharma,mohit.sharma@gmail.com,7533594595,bhopal,madhya pradesh,Regular,2024-03-14 00:00:00
C0644,Nikhil Chauhan,nikhil.chauhan@gmail.com,8784266819,delhi,delhi,Regular,2025-02-05 00:00:00
C0645,Isha Chauhan,unknown,8632905061,vadodara,gujarat,New,2023-06-21 00:00:00
C0647,Vikas Kaur,vikas.kaur@gmail.com,9767803644,delhi,delhi,VIP,2025-07-29 00:00:00
C0648,Amit Mehta,amit.mehta@gmail.com,9296202444,indore,madhya pradesh,VIP,2025-04-05 00:00:00
C0649,Pooja Singh,pooja.singh@gmail.com,8085259583,chennai,tamil nadu,VIP,2024-06-22 00:00:00
C0650,Arjun Chauhan,arjun.chauhan@gmail.com,8935098341,jaipur,rajasthan,Regular,2025-08-17 00:00:00
C0652,Mohit Sharma,mohit.sharma@gmail.com,7811405047,vadodara,gujarat,VIP,2025-02-28 00:00:00
C0653,Suresh Mehta,suresh.mehta@gmail.com,9203687670,lucknow,uttar pradesh,VIP,2025-03-31 00:00:00
C0654,Arjun Joshi,arjun.joshi@gmail.com,8096619850,chennai,tamil nadu,New,2024-03-26 00:00:00
C0655,Neha Sharma,neha.sharma@gmail.com,8181241943,rajkot,gujarat,New,2025-05-01 00:00:00
C0656,Kavita Shah,kavita.shah@gmail.com,7125379850,kolkata,west bengal,Premium,2023-10-21 00:00:00
C0657,Simran Mishra,simran.mishra@gmail,8904409842,lucknow,uttar pradesh,Premium,2023-12-29 00:00:00
C0659,Suresh Chauhan,suresh.chauhan@gmail.com,9252551683,pune,maharashtra,Premium,2025-03-28 00:00:00
C0661,Rohan Desai,unknown,9303619991,lucknow,uttar pradesh,Regular,2023-09-21 00:00:00
C0662,Priya Verma,priya.verma@gmail.com,8893321208,surat,gujarat,New,2024-02-11 00:00:00
C0663,Amit Kaur,amit.kaur@gmail.com,8931819683,indore,madhya pradesh,Regular,2025-10-06 00:00:00
C0664,Rohan Kaur,rohan.kaur@gmail.com,8140882778,indore,madhya pradesh,Regular,2025-09-27 00:00:00
C0665,Rohan Mishra,unknown,8038438114,delhi,delhi,Premium,2025-04-25 00:00:00
C0668,Karan Mehta,karan.mehta@gmail.com,9598480273,jaipur,rajasthan,VIP,2025-07-05 00:00:00
C0669,Suresh Chauhan,suresh.chauhan@gmail.com,9971236252,lucknow,uttar pradesh,Regular,2025-06-25 00:00:00
C0671,Vikas Verma,vikas.verma@gmail.com,9098611616,kolkata,west bengal,VIP,2025-01-30 00:00:00
C0672,Meena Patel,meena.patel@gmail.com,8224654701,hyderabad,telangana,Premium,2025-11-04 00:00:00
C0673,Meena Desai,meena.desai@gmail.com,8880008770,vadodara,gujarat,Premium,2025-12-06 00:00:00
C0674,Aditya Patel,aditya.patel@gmail.com,9955433092,delhi,delhi,Regular,2024-01-02 00:00:00
C0675,Sneha Gupta,sneha.gupta@gmail.com,8774365207,chennai,tamil nadu,VIP,2024-02-07 00:00:00
C0676,Priya Verma,priya.verma@gmail.com,7356324947,bhopal,madhya pradesh,New,2024-12-25 00:00:00
C0677,Rahul Kumar,unknown,7063824611,pune,maharashtra,VIP,2025-09-30 00:00:00
C0678,Neha Mishra,neha.mishra@gmail.com,9234711156,mumbai,maharashtra,New,2025-02-28 00:00:00
C0679,Anjali Gupta,anjali.gupta@gmail.com,9780313235,hyderabad,telangana,Regular,2024-09-27 00:00:00
C0680,Neha Kaur,neha.kaur@gmail.com,7576775951,mumbai,maharashtra,Regular,2024-11-30 00:00:00
C0681,Suresh Verma,suresh.verma@gmail.com,7651149137,kolkata,west bengal,New,2024-03-07 00:00:00
C0684,Neha Joshi,neha.joshi@gmail.com,8317723211,vadodara,gujarat,Regular,2025-08-02 00:00:00
C0686,Nikhil Singh,nikhil.singh@gmail.com,9739951076,rajkot,gujarat,VIP,2024-05-31 00:00:00
C0687,Karan Reddy,karan.reddy@gmail.com,9943792834,delhi,delhi,VIP,2025-08-27 00:00:00
C0688,Anjali Joshi,unknown,9222971316,jaipur,rajasthan,New,2024-11-10 00:00:00
C0689,Pooja Desai,pooja.desai@gmail.com,Not Available,delhi,delhi,New,2023-09-18 00:00:00
C0690,Riya Shah,riya.shah@gmail.com,9284637470,delhi,delhi,VIP,2023-03-21 00:00:00
C0691,Karan Kumar,karan.kumar@gmail,9624029587,indore,madhya pradesh,Regular,2024-03-04 00:00:00
C0693,Sneha Yadav,sneha.yadav@gmail.com,7028448463,lucknow,uttar pradesh,New,2023-02-25 00:00:00
C0694,Riya Mehta,riya.mehta@gmail.com,8648606935,lucknow,uttar pradesh,Premium,2025-07-28 00:00:00
C0695,Rahul Kumar,rahul.kumar@gmail.com,8643396139,hyderabad,telangana,New,2025-04-17 00:00:00
C0696,Aditya Sharma,unknown,8590239196,indore,madhya pradesh,Premium,2025-08-24 00:00:00
C0697,Aditya Mishra,aditya.mishra@gmail.com,8632399901,ahmedabad,gujarat,Regular,2023-05-17 00:00:00
C0698,Rohan Sharma,rohan.sharma@gmail.com,9363746243,bhopal,madhya pradesh,Premium,2024-09-29 00:00:00
C0699,Isha Yadav,isha.yadav@gmail.com,7753890647,ahmedabad,gujarat,Regular,2024-09-12 00:00:00
C0700,Arjun Kumar,arjun.kumar@gmail.com,7266428954,kolkata,west bengal,Premium,2024-11-16 00:00:00
C0701,Amit Mishra,amit.mishra@gmail.com,9791275402,lucknow,uttar pradesh,New,2023-11-04 00:00:00
C0702,Vikas Chauhan,vikas.chauhan@gmail.com,8518681304,ahmedabad,gujarat,VIP,2023-03-20 00:00:00
C0703,Priya Kumar,priya.kumar@gmail.com,7640798731,lucknow,uttar pradesh,VIP,2023-08-06 00:00:00
C0704,Isha Singh,isha.singh@gmail.com,8743180954,rajkot,gujarat,VIP,2024-02-14 00:00:00
C0705,Isha Patel,isha.patel@gmail.com,8859067602,chennai,tamil nadu,VIP,2023-03-06 00:00:00
C0706,Rohan Kaur,rohan.kaur@gmail.com,9791716713,mumbai,maharashtra,Premium,2024-07-22 00:00:00
C0707,Sneha Chauhan,unknown,8811358735,chennai,tamil nadu,VIP,2023-07-05 00:00:00
C0708,Meena Patel,unknown,9994421136,lucknow,uttar pradesh,VIP,2025-11-26 00:00:00
C0709,Simran Desai,simran.desai@gmail.com,7530618370,ahmedabad,gujarat,Premium,2024-05-24 00:00:00
C0711,Sneha Verma,unknown,9845774616,delhi,delhi,Premium,2025-06-29 00:00:00
C0712,Aditya Patel,unknown,7724660700,ahmedabad,gujarat,Premium,2023-10-11 00:00:00
C0713,Sneha Yadav,sneha.yadav@gmail,7095504800,pune,maharashtra,Premium,2023-11-27 00:00:00
C0714,Priya Kumar,priya.kumar@gmail.com,8671187564,chennai,tamil nadu,New,2025-02-09 00:00:00
C0717,Sneha Mishra,sneha.mishra@gmail.com,8958494300,delhi,delhi,VIP,2025-01-29 00:00:00
C0719,Simran Sharma,simran.sharma@gmail.com,8722431820,hyderabad,telangana,New,2023-05-24 00:00:00
C0720,Neha Mehta,neha.mehta@gmail.com,8749282456,bhopal,madhya pradesh,Premium,2024-10-25 00:00:00
C0721,Anjali Yadav,anjali.yadav@gmail.com,9420671425,vadodara,gujarat,Premium,2025-06-27 00:00:00
C0722,Karan Singh,karan.singh@gmail.com,8195481928,lucknow,uttar pradesh,VIP,2025-08-31 00:00:00
C0724,Rahul Desai,rahul.desai@gmail.com,9859055095,chennai,tamil nadu,New,2023-07-21 00:00:00
C0725,Riya Desai,riya.desai@gmail.com,9635860024,lucknow,uttar pradesh,New,2024-10-10 00:00:00
C0726,Kavita Sharma,kavita.sharma@gmail.com,9233040884,bhopal,madhya pradesh,New,2023-05-30 00:00:00
C0727,Simran Verma,simran.verma@gmail.com,9365835550,surat,gujarat,VIP,2024-12-25 00:00:00
C0729,Sneha Joshi,sneha.joshi@gmail.com,7074059253,ahmedabad,gujarat,Regular,2024-10-05 00:00:00
C0730,Anjali Gupta,anjali.gupta@gmail.com,9982896336,jaipur,rajasthan,VIP,2024-05-04 00:00:00
C0731,Nikhil Patel,nikhil.patel@gmail.com,7017651775,mumbai,maharashtra,VIP,2025-11-15 00:00:00
C0732,Amit Gupta,amit.gupta@gmail.com,9775094726,vadodara,gujarat,New,2024-03-29 00:00:00
C0733,Karan Verma,karan.verma@gmail.com,7737761377,bhopal,madhya pradesh,VIP,2025-08-08 00:00:00
C0734,Riya Shah,riya.shah@gmail.com,7946785248,jaipur,rajasthan,Regular,2023-10-21 00:00:00
C0735,Neha Mishra,neha.mishra@gmail.com,7989329953,delhi,delhi,Regular,2025-07-28 00:00:00
C0737,Arjun Mishra,arjun.mishra@gmail.com,9045702848,bhopal,madhya pradesh,Regular,2024-03-16 00:00:00
C0739,Vikas Singh,unknown,Not Available,jaipur,rajasthan,New,2025-12-28 00:00:00
C0740,Suresh Singh,suresh.singh@gmail.com,7145998097,ahmedabad,gujarat,Regular,2025-05-30 00:00:00
C0741,Priya Kaur,priya.kaur@gmail.com,7751897503,delhi,delhi,Regular,2023-11-05 00:00:00
C0742,Aditya Yadav,aditya.yadav@gmail.com,7125058196,indore,madhya pradesh,VIP,2023-03-25 00:00:00
C0743,Riya Kaur,riya.kaur@gmail.com,8042571199,hyderabad,telangana,VIP,2025-05-22 00:00:00
C0744,Karan Kaur,karan.kaur@gmail.com,9119513018,delhi,delhi,Regular,2023-04-25 00:00:00
C0745,Isha Gupta,isha.gupta@gmail.com,8817865363,ahmedabad,gujarat,VIP,2024-11-09 00:00:00
C0746,Vikas Chauhan,vikas.chauhan@gmail.com,7469306919,rajkot,gujarat,VIP,2024-10-06 00:00:00
C0747,Isha Shah,isha.shah@gmail.com,7319372311,bengaluru,karnataka,New,2023-12-28 00:00:00
C0749,Rohan Patel,rohan.patel@gmail.com,8663894274,chennai,tamil nadu,New,2023-01-17 00:00:00
C0751,Vikas Kaur,vikas.kaur@gmail.com,9061386599,jaipur,rajasthan,Premium,2023-02-28 00:00:00
C0752,Pooja Kumar,pooja.kumar@gmail.com,7763251269,kolkata,west bengal,New,2025-01-20 00:00:00
C0753,Nikhil Patel,nikhil.patel@gmail.com,8620054076,surat,gujarat,VIP,2025-06-18 00:00:00
C0754,Rohan Joshi,rohan.joshi@gmail.com,9808185031,surat,gujarat,VIP,2024-12-08 00:00:00
C0755,Kavita Kaur,kavita.kaur@gmail.com,8429031013,kolkata,west bengal,VIP,2025-06-27 00:00:00
C0757,Isha Singh,isha.singh@gmail.com,7831066348,mumbai,maharashtra,VIP,2024-01-17 00:00:00
C0759,Arjun Desai,arjun.desai@gmail.com,9401022668,lucknow,uttar pradesh,VIP,2023-10-15 00:00:00
C0760,Mohit Gupta,mohit.gupta@gmail.com,8836901321,bengaluru,karnataka,Regular,2025-10-31 00:00:00
C0761,Riya Shah,riya.shah@gmail.com,9522607583,kolkata,west bengal,Regular,2024-04-25 00:00:00
C0762,Rahul Yadav,rahul.yadav@gmail.com,9244294928,ahmedabad,gujarat,Premium,2025-02-05 00:00:00
C0763,Vikas Singh,vikas.singh@gmail.com,8225427052,jaipur,rajasthan,VIP,2024-01-09 00:00:00
C0764,Sneha Kaur,sneha.kaur@gmail.com,8153561013,bhopal,madhya pradesh,VIP,2023-06-26 00:00:00
C0765,Rohan Patel,rohan.patel@gmail.com,9988355499,kolkata,west bengal,Regular,2023-07-30 00:00:00
C0767,Aditya Kaur,aditya.kaur@gmail.com,8239573053,jaipur,rajasthan,VIP,2025-01-26 00:00:00
C0768,Nikhil Reddy,nikhil.reddy@gmail.com,8171630795,hyderabad,telangana,Premium,2026-01-05 00:00:00
C0769,Aditya Kumar,aditya.kumar@gmail.com,7232564616,bengaluru,karnataka,VIP,2023-12-31 00:00:00
C0770,Suresh Gupta,suresh.gupta@gmail.com,8670091632,vadodara,gujarat,New,2025-10-27 00:00:00
C0771,Kavita Verma,kavita.verma@gmail.com,7351784589,jaipur,rajasthan,New,2025-07-11 00:00:00
C0772,Karan Verma,karan.verma@gmail.com,8533192415,indore,madhya pradesh,New,2023-11-18 00:00:00
C0773,Kavita Mehta,kavita.mehta@gmail.com,9703425939,chennai,tamil nadu,Premium,2025-11-07 00:00:00
C0775,Vikas Kumar,vikas.kumar@gmail.com,7190420322,pune,maharashtra,Regular,2023-02-11 00:00:00
C0779,Neha Joshi,neha.joshi@gmail.com,7714531298,kolkata,west bengal,Premium,2024-01-25 00:00:00
C0781,Pooja Kaur,pooja.kaur@gmail.com,8459535801,pune,maharashtra,Regular,2025-03-26 00:00:00
C0782,Simran Joshi,simran.joshi@gmail.com,9228932714,chennai,tamil nadu,VIP,2025-07-18 00:00:00
C0783,Kavita Yadav,kavita.yadav@gmail.com,9560345306,lucknow,uttar pradesh,Regular,2024-07-24 00:00:00
C0785,Meena Kaur,meena.kaur@gmail.com,7359993773,mumbai,maharashtra,VIP,2024-05-16 00:00:00
C0786,Aditya Singh,aditya.singh@gmail.com,7685583357,ahmedabad,gujarat,Premium,2023-06-19 00:00:00
C0788,Rahul Singh,rahul.singh@gmail.com,9034368522,pune,maharashtra,New,2025-06-29 00:00:00
C0789,Riya Verma,riya.verma@gmail.com,7649306170,indore,madhya pradesh,Premium,2024-05-16 00:00:00
C0790,Sneha Joshi,sneha.joshi@gmail.com,8872853413,delhi,delhi,Regular,2025-09-03 00:00:00
C0791,Aditya Desai,aditya.desai@gmail.com,9149484176,vadodara,gujarat,Regular,2023-12-11 00:00:00
C0792,Sneha Joshi,sneha.joshi@gmail.com,9421225455,lucknow,uttar pradesh,New,2024-07-03 00:00:00
C0793,Rohan Chauhan,rohan.chauhan@gmail.com,9559721644,surat,gujarat,Regular,2024-08-21 00:00:00
C0794,Sneha Joshi,sneha.joshi@gmail.com,8870778191,indore,madhya pradesh,Premium,2024-01-01 00:00:00
C0798,Nikhil Kaur,nikhil.kaur@gmail.com,7002456273,hyderabad,telangana,VIP,2025-10-28 00:00:00
C0799,Nikhil Patel,nikhil.patel@gmail.com,7435039291,bhopal,madhya pradesh,Regular,2024-11-12 00:00:00
C0800,Anjali Desai,anjali.desai@gmail.com,9520801229,bengaluru,karnataka,Premium,2025-02-25 00:00:00
C0801,Mohit Sharma,mohit.sharma@gmail.com,7542153826,ahmedabad,gujarat,VIP,2024-07-06 00:00:00
C0802,Suresh Shah,suresh.shah@gmail.com,9490882519,lucknow,uttar pradesh,Regular,2024-12-31 00:00:00
C0803,Aditya Shah,aditya.shah@gmail.com,7208954648,bhopal,madhya pradesh,Regular,2025-04-12 00:00:00
C0804,Pooja Desai,pooja.desai@gmail.com,9853978147,surat,gujarat,New,2025-03-01 00:00:00
C0806,Vikas Shah,vikas.shah@gmail.com,9603647189,bengaluru,karnataka,VIP,2023-02-19 00:00:00
C0807,Neha Mehta,neha.mehta@gmail.com,7902962666,mumbai,maharashtra,Premium,2023-05-13 00:00:00
C0808,Aditya Mishra,aditya.mishra@gmail.com,9951331472,rajkot,gujarat,New,2024-06-30 00:00:00
C0809,Vikas Patel,vikas.patel@gmail.com,Not Available,ahmedabad,gujarat,Regular,2023-08-14 00:00:00
C0811,Karan Kaur,karan.kaur@gmail.com,7179984654,pune,maharashtra,New,2025-09-20 00:00:00
C0813,Nikhil Yadav,nikhil.yadav@gmail.com,7254542263,jaipur,rajasthan,Regular,2023-11-18 00:00:00
C0814,Vikas Gupta,vikas.gupta@gmail.com,8570267413,lucknow,uttar pradesh,Premium,2023-02-20 00:00:00
C0815,Riya Shah,riya.shah@gmail.com,7935572425,delhi,delhi,Regular,2024-09-30 00:00:00
C0816,Suresh Joshi,suresh.joshi@gmail.com,9518389281,indore,madhya pradesh,Premium,2024-01-29 00:00:00
C0817,Priya Mishra,unknown,7583058549,jaipur,rajasthan,Regular,2024-10-30 00:00:00
C0818,Pooja Verma,pooja.verma@gmail.com,7719442108,surat,gujarat,Regular,2025-05-08 00:00:00
C0819,Pooja Singh,pooja.singh@gmail.com,7362490731,delhi,delhi,Premium,2024-11-09 00:00:00
C0821,Rohan Gupta,rohan.gupta@gmail.com,7508406998,chennai,tamil nadu,Regular,2024-09-19 00:00:00
C0822,Meena Verma,meena.verma@gmail.com,7683749521,lucknow,uttar pradesh,Premium,2023-09-05 00:00:00
C0824,Nikhil Joshi,nikhil.joshi@gmail.com,7215686308,bengaluru,karnataka,New,2023-04-03 00:00:00
C0825,Suresh Verma,suresh.verma@gmail,8947957237,ahmedabad,gujarat,New,2023-07-10 00:00:00
C0826,Kavita Desai,kavita.desai@gmail.com,8778948768,vadodara,gujarat,Premium,2025-10-25 00:00:00
C0827,Kavita Verma,kavita.verma@gmail.com,9249936731,ahmedabad,gujarat,New,2025-12-13 00:00:00
C0828,Arjun Mehta,unknown,7803982387,rajkot,gujarat,New,2023-08-01 00:00:00
C0830,Neha Sharma,neha.sharma@gmail.com,8473508573,chennai,tamil nadu,New,2023-07-07 00:00:00
C0831,Suresh Mehta,suresh.mehta@gmail.com,7518842513,chennai,tamil nadu,Premium,2024-01-03 00:00:00
C0832,Arjun Patel,arjun.patel@gmail.com,8883652701,chennai,tamil nadu,Premium,2025-12-25 00:00:00
C0833,Kavita Chauhan,kavita.chauhan@gmail.com,7769945233,ahmedabad,gujarat,VIP,2023-01-21 00:00:00
C0835,Neha Kumar,neha.kumar@gmail.com,8767792297,bhopal,madhya pradesh,VIP,2024-05-08 00:00:00
C0838,Karan Desai,unknown,9881365834,lucknow,uttar pradesh,VIP,2024-06-10 00:00:00
C0839,Rohan Singh,rohan.singh@gmail.com,7441542090,vadodara,gujarat,New,2024-06-17 00:00:00
C0841,Suresh Patel,suresh.patel@gmail.com,8191198671,hyderabad,telangana,Premium,2023-02-27 00:00:00
C0842,Priya Chauhan,priya.chauhan@gmail.com,Not Available,delhi,delhi,Premium,2023-11-04 00:00:00
C0844,Mohit Kaur,mohit.kaur@gmail.com,8297896903,chennai,tamil nadu,Regular,2023-03-21 00:00:00
C0846,Aditya Reddy,aditya.reddy@gmail.com,7409585493,hyderabad,telangana,Premium,2025-06-09 00:00:00
C0848,Riya Verma,riya.verma@gmail,9413849014,kolkata,west bengal,VIP,2023-05-01 00:00:00
C0850,Suresh Verma,suresh.verma@gmail.com,7034780500,hyderabad,telangana,VIP,2024-01-19 00:00:00
C0851,Sneha Joshi,sneha.joshi@gmail.com,9698771618,mumbai,maharashtra,VIP,2025-12-29 00:00:00
C0853,Riya Reddy,riya.reddy@gmail.com,9004903816,vadodara,gujarat,VIP,2024-02-09 00:00:00
C0855,Anjali Yadav,anjali.yadav@gmail.com,9373077218,vadodara,gujarat,New,2025-10-09 00:00:00
C0860,Vikas Chauhan,vikas.chauhan@gmail.com,7627276995,vadodara,gujarat,New,2024-04-14 00:00:00
C0861,Suresh Reddy,suresh.reddy@gmail.com,9244473790,delhi,delhi,Premium,2024-11-30 00:00:00
C0862,Neha Patel,neha.patel@gmail.com,9622389093,hyderabad,telangana,Premium,2024-02-12 00:00:00
C0863,Rohan Singh,rohan.singh@gmail.com,7480745842,hyderabad,telangana,Regular,2023-09-29 00:00:00
C0864,Sneha Reddy,sneha.reddy@gmail.com,9990082548,chennai,tamil nadu,Regular,2024-10-12 00:00:00
C0865,Neha Singh,unknown,8871216424,hyderabad,telangana,VIP,2025-03-12 00:00:00
C0866,Vikas Mishra,vikas.mishra@gmail.com,8492180259,kolkata,west bengal,Regular,2023-11-07 00:00:00
C0867,Suresh Mehta,suresh.mehta@gmail.com,7746087503,vadodara,gujarat,VIP,2023-09-02 00:00:00
C0868,Anjali Yadav,anjali.yadav@gmail.com,8136108454,lucknow,uttar pradesh,New,2024-11-17 00:00:00
C0872,Sneha Mehta,sneha.mehta@gmail.com,9998458008,hyderabad,telangana,New,2023-07-21 00:00:00
C0873,Neha Patel,neha.patel@gmail.com,7676952884,lucknow,uttar pradesh,Regular,2025-08-22 00:00:00
C0874,Sneha Patel,sneha.patel@gmail.com,8018790736,delhi,delhi,New,2023-11-07 00:00:00
C0875,Suresh Verma,suresh.verma@gmail.com,8935866295,vadodara,gujarat,New,2025-03-26 00:00:00
C0876,Nikhil Chauhan,nikhil.chauhan@gmail.com,9632627835,rajkot,gujarat,Premium,2023-07-01 00:00:00
C0877,Isha Kumar,isha.kumar@gmail.com,8614729199,chennai,tamil nadu,Regular,2024-10-16 00:00:00
C0878,Rohan Desai,rohan.desai@gmail.com,7973129790,mumbai,maharashtra,Regular,2024-08-09 00:00:00
C0879,Neha Kaur,neha.kaur@gmail.com,9268426402,bhopal,madhya pradesh,Regular,2024-09-30 00:00:00
C0880,Priya Shah,priya.shah@gmail.com,8476678923,rajkot,gujarat,Regular,2025-02-16 00:00:00
C0881,Mohit Patel,mohit.patel@gmail.com,9952295757,rajkot,gujarat,Premium,2024-02-04 00:00:00
C0882,Neha Kumar,neha.kumar@gmail.com,9694860228,vadodara,gujarat,New,2024-03-16 00:00:00
C0883,Sneha Joshi,sneha.joshi@gmail.com,8113219231,lucknow,uttar pradesh,VIP,2025-04-17 00:00:00
C0884,Simran Chauhan,simran.chauhan@gmail.com,7347082594,jaipur,rajasthan,Premium,2024-08-27 00:00:00
C0885,Amit Yadav,amit.yadav@gmail.com,9551553388,bengaluru,karnataka,Regular,2023-04-04 00:00:00
C0887,Rahul Singh,rahul.singh@gmail.com,8854203954,kolkata,west bengal,Premium,2025-10-24 00:00:00
C0888,Aditya Yadav,aditya.yadav@gmail.com,9665691647,ahmedabad,gujarat,VIP,2024-01-21 00:00:00
C0889,Anjali Reddy,unknown,7241402174,bengaluru,karnataka,Regular,2023-12-13 00:00:00
C0891,Vikas Verma,vikas.verma@gmail.com,7065857791,rajkot,gujarat,VIP,2025-01-31 00:00:00
C0892,Pooja Reddy,pooja.reddy@gmail.com,9744267175,bengaluru,karnataka,Regular,2023-06-08 00:00:00
C0893,Meena Reddy,meena.reddy@gmail.com,9231752989,chennai,tamil nadu,New,2025-06-05 00:00:00
C0895,Nikhil Verma,unknown,8405905813,vadodara,gujarat,New,2023-07-27 00:00:00
C0896,Riya Kumar,riya.kumar@gmail.com,7529290976,surat,gujarat,Regular,2023-03-24 00:00:00
C0899,Arjun Kumar,arjun.kumar@gmail.com,9493613917,mumbai,maharashtra,VIP,2023-03-11 00:00:00
C0901,Aditya Sharma,aditya.sharma@gmail.com,7746196273,rajkot,gujarat,VIP,2024-03-21 00:00:00
C0902,Kavita Shah,kavita.shah@gmail.com,8302870199,jaipur,rajasthan,Premium,2024-08-23 00:00:00
C0903,Mohit Singh,mohit.singh@gmail,8995907669,hyderabad,telangana,Regular,2023-03-27 00:00:00
C0904,Riya Shah,unknown,8695447268,rajkot,gujarat,Regular,2025-05-13 00:00:00
C0907,Amit Desai,amit.desai@gmail.com,7994585896,bhopal,madhya pradesh,VIP,2023-12-18 00:00:00
C0908,Amit Desai,amit.desai@gmail.com,7323840346,bhopal,madhya pradesh,VIP,2025-11-14 00:00:00
C0909,Priya Reddy,priya.reddy@gmail.com,9863432302,rajkot,gujarat,Regular,2025-04-08 00:00:00
C0911,Suresh Desai,suresh.desai@gmail.com,8888654461,bhopal,madhya pradesh,Premium,2024-09-09 00:00:00
C0912,Rahul Gupta,rahul.gupta@gmail.com,8203423402,rajkot,gujarat,Regular,2024-08-29 00:00:00
C0914,Vikas Chauhan,vikas.chauhan@gmail.com,9280772748,rajkot,gujarat,New,2024-12-28 00:00:00
C0916,Isha Kaur,isha.kaur@gmail.com,8828385501,hyderabad,telangana,Regular,2023-01-11 00:00:00
C0917,Riya Yadav,riya.yadav@gmail.com,9740963777,bhopal,madhya pradesh,Regular,2024-07-11 00:00:00
C0918,Arjun Reddy,arjun.reddy@gmail.com,8638862478,indore,madhya pradesh,Regular,2025-08-10 00:00:00
C0920,Arjun Gupta,arjun.gupta@gmail.com,9921551603,delhi,delhi,New,2024-01-01 00:00:00
C0921,Anjali Singh,anjali.singh@gmail.com,9929454134,rajkot,gujarat,New,2024-01-04 00:00:00
C0922,Vikas Chauhan,vikas.chauhan@gmail.com,8620515349,jaipur,rajasthan,Regular,2023-02-23 00:00:00
C0926,Karan Mehta,karan.mehta@gmail.com,9913305623,hyderabad,telangana,New,2024-12-23 00:00:00
C0928,Priya Reddy,priya.reddy@gmail.com,8419179580,ahmedabad,gujarat,Regular,2024-05-14 00:00:00
C0929,Priya Gupta,priya.gupta@gmail.com,8119338568,bengaluru,karnataka,Regular,2024-09-07 00:00:00
C0933,Priya Reddy,priya.reddy@gmail.com,7533267960,bengaluru,karnataka,Premium,2024-10-09 00:00:00
C0934,Suresh Verma,suresh.verma@gmail.com,7884300678,rajkot,gujarat,New,2024-02-19 00:00:00
C0935,Vikas Yadav,vikas.yadav@gmail.com,9832661238,indore,madhya pradesh,Regular,2023-06-22 00:00:00
C0936,Sneha Chauhan,sneha.chauhan@gmail.com,8267622868,kolkata,west bengal,Regular,2023-01-07 00:00:00
C0937,Riya Kumar,riya.kumar@gmail.com,7295822679,bengaluru,karnataka,VIP,2025-05-15 00:00:00
C0938,Vikas Verma,vikas.verma@gmail.com,7334522402,hyderabad,telangana,Premium,2024-11-03 00:00:00
C0940,Isha Singh,isha.singh@gmail.com,7560448350,pune,maharashtra,New,2024-07-22 00:00:00
C0941,Anjali Desai,unknown,7855169963,mumbai,maharashtra,New,2025-07-31 00:00:00
C0943,Vikas Yadav,vikas.yadav@gmail.com,8348257414,chennai,tamil nadu,Premium,2025-11-20 00:00:00
C0944,Vikas Mehta,vikas.mehta@gmail.com,8865323193,delhi,delhi,New,2025-09-08 00:00:00
C0945,Rohan Kumar,rohan.kumar@gmail.com,8418415203,hyderabad,telangana,New,2025-12-09 00:00:00
C0947,Nikhil Verma,nikhil.verma@gmail.com,7354813720,kolkata,west bengal,VIP,2024-04-16 00:00:00
C0948,Arjun Shah,arjun.shah@gmail.com,7955863041,kolkata,west bengal,VIP,2025-05-04 00:00:00
C0950,Mohit Reddy,mohit.reddy@gmail.com,9650249767,jaipur,rajasthan,New,2025-03-07 00:00:00
